{
  "mode": "multi",
  "board_size": null,
  "total_episodes": 8840,
  "high_score": 57,
  "average_score": 23.946308724832214,
  "epsilon": 0.005285714285714286,
  "timestamp": "2026-05-03T21:00:24.033024"
}