{
  "mode": "multi",
  "board_size": null,
  "total_episodes": 8225,
  "high_score": 70,
  "average_score": 11.306747720364742,
  "epsilon": 0.01,
  "timestamp": "2026-04-26T20:59:33.823491"
}