{
  "mode": "multi",
  "board_size": null,
  "total_episodes": 12000,
  "high_score": 62,
  "average_score": 12.045083333333332,
  "final_epsilon": 0.01,
  "timestamp": "2026-05-17T07:18:28.385399"
}