{
  "mode": "single",
  "board_size": 10,
  "total_episodes": 5065,
  "high_score": 50,
  "average_score": 7.543139190523198,
  "epsilon": 0.01,
  "timestamp": "2026-04-25T22:36:36.524860"
}