{
  "board_size": 10,
  "total_episodes": 708,
  "high_score": 45,
  "average_score": 20.24858757062147,
  "epsilon": 0.005,
  "timestamp": "2026-02-14T16:19:48.449546"
}